Restaurantid,Latitude,Longitude
11,55.733254,12.575304
13,55.686912,12.589726
17,NULL,12.567528
19,55.761173,12.574859
20,55.6583,12.576289
21,55.883174,12.49841
22,55.680604,12.582059
23,0,0
24,55.639936,12.58875
25,55.675467,12.56302
26,55.632307,12.579999
27,0,0
28,55.68671,12.587902
29,55.653546,12.611249
30,55.651965,12.489073
31,55.567635,12.253681
32,55.703094,12.584753
33,55.688142,12.528009
34,55.664322,12.602013
35,55.665721,12.441779
36,55.650289,12.199832
37,55.647448,12.269491
38,55.686086,12.490804
39,55.70;616,12.577664
40,55.663402,12.458667
41,55.660024,12.183274
42,55.650533,12.30184
43,55.672048,12.48836
44,55.656864,12.354551
45,55.636264,12.642467
46,55.685533,12.513959
47,55.66148,12.473261
48,55.648913,12.132355
49,55.673316,12.357781
50,55.660652,12.404532
51,55.657184,12.383168
52,55.660527,12.613446
53,55.666834,12.503454
56,55.795693,12.528498
57,55.669217,12.402144
58,55.66056,12.604584
59,55.66125,12.621363
60,55.678255,12.584837
61,55.627414,12.47951
62,55.714861,12.577268
63,55.746354,12.541349
64,55.753343,12.571516
65,55.670595,12.542195
66,55.711329,12.569636
67,55.7075,12.57769
68,55.672235,12.473882
69,55.664143,12.602111
70,55.699456,12.553454
71,55.70858,12.53179
72,55.664625,12.519432
73,55.388729,10.386834
74,55.060423,10.604526
75,55.49118,9.471819
76,55.685064,12.538364
77,55.901575,12.47974
78,55.696073,12.580623
80,56.038063,12.579273
81,55.657512,12.605866
82,55.658309,12.590268
83,55.661221,12.483021
84,55.712909,12.568453
85,55.667099,12.554241
86,55.672081,12.548027
87,55.637863,12.084999
88,55.633334,12.016259
89,55.729526,12.575686
90,55.651374,12.502007
91,55.465838,8.454688
92,55.683015,12.5362
93,55.65911,12.606885
94,55.737962,12.566646
95,55.673011,12.454759
96,55.700651,12.579185
97,55.684045,12.569549
98,55.683038,12.58682
99,55.575554,9.774135
100,55.654403,12.473814
101,55.571563,8.338947
103,55.677463,12.581852
105,55.74079,12.502389
106,55.686604,12.540258
107,55.594412,12.316547
108,55.64037,12.091223
109,55.722933,12.471489
110,55.662481,12.615923
111,55.636619,12.102032
112,51.096555,3.833522
113,55.689432,12.521298
115,55.74079,12.502389
116,55.725047,12.441454
117,55.727318,12.344906
118,55.66694,12.486504
119,55.694717,12.569261
120,55.058959,10.605303
121,55.82009,12.538538
122,55.68671,12.587902
123,55.685537,12.569387
124,55.639495,12.070703
125,55.394786,10.383;p395
126,55.964297,12.531739
127,55.696225,12.550667
129,0,0
130,55.833416,12.525612
131,55.665634,12.395939
132,55.731531,12.519688
133,55.68981,12.488694
134,55.851605,12.430904
135,55.712184,12.532809
136,NULL,NULL
137,55.699939,12.54663
138,55.699939,12.54663
139,55.650745,12.500759
140,55.659163,12.473485
141,55.682857,12.536032
142,55.762829,12.577611
143,55.871393,12.358053
144,55.650783,12.620456
145,55.704927,12.446979
146,0,0
147,55.720555,12.448672
148,55.66691,12.406605
149,55.658235,12.619599
150,55.814589,12.530162
151,55.768224,12.503984
152,55.652985,12.301438
153,55.710744,12.476139
154,55.710744,12.476139
155,55.713904,12.577257
156,55.69985,12.578219
157,55.668381,12.474701
158,55.590325,12.298689
159,0,0
160,0,0
161,55.663296,12.516033
162,55.645049,12.304011
163,55.68387,12.483699
164,55.647492,12.635051
165,55.618334,12.356685
166,55.650013,12.302583
167,55.712308,12.577211
168,55.611548,12.359125
169,55.682755,12.489998
170,55.687606,12.528005
171,55.712968,12.568682
172,55.656512,12.473408
173,55.661366,12.334097
174,55.797054,12.523674
175,55.649156,12.301091
177,55.661592,12.597547
178,55.6656,12.60963
179,55.317626,10.783165
180,55.119477,10.722818
181,54.937878,10.718581
182,55.062173,10.598341
183,55.057108,10.591673
184,55.05826,10.605311
185,55.059116,10.612867
186,55.070204,10.630886
187,55.065003,10.613851
188,55.120996,10.724525
189,55.059239,10.611364
190,55.047867,10.675435
191,55.63677,12.102451
192,55.64191,12.087845
193,55.641013,12.099781
194,55.674042,12.398658
195,55.749264,12.319502
196,55.058527,10.606288
197,55.69236,12.485505
198,55.69236,12.485505
204,55.698727,12.542163
205,55.654017,12.61522
206,55.735446,12.555452
207,55.811894,12.474302
208,55.77478,12.514369
209,55.771145,12.507486
210,55.820096,12.376177
211,55.69236,12.485505
212,55.666124,12.508177
213,54.899867,11.872345
214,55.704157,12.549448
215,55.064461,10.616336
216,55.673835,12.398622
217,55.669039,12.516886
218,55.680419,12.255016
219,55.661818,12.340385
220,55.695541,12.546746
221,55.730162,12.507855
222,55.713101,12.571141
223,55.706153,13.192334
224,55.655489,12.603821
225,55.704841,12.528828
226,55.649044,12.301005
227,55.674024,12.372664
228,55.658783,12.3353
229,55.648724,12.613444
230,55.660135,12.614058
231,55.794569,12.157516
232,55.666511,12.518187
233,55.457207,12.17897
234,55.703181,12.530322
235,55.664862,12.614471
236,55.694281,12.509603
237,55.477974,9.139104
238,54.913277,9.79397
239,55.474878,9.469917
240,55.534999,9.60916
241,55.513037,9.630301
242,55.684611,12.541175
243,55.659737,12.405611
244,55.663899,12.396903
247,55.696185,12.459643
248,55.678909,12.568315
249,54.774124,11.498688
250,55.73455,12.4437
251,55.722562,12.438671
252,54.897662,11.88189
253,54.774167,11.498768
254,54.985961,12.288459
255,55.654841,12.411909
256,54.853925,11.885252
257,55.757673,12.460084
258,55.01259,9.570841
259,55.501784,9.50315
260,55.49239,9.470203
261,55.492452,9.470378
264,55.686373,12.534472
265,55.705841,12.532249
266,55.651351,12.502529
267,55.70498,9.53063
268,55.71075,9.523338
269,55.718802,9.608441
270,55.699706,12.540436
274,55.249697,9.488168
275,55.070392,9.335358
276,55.705929,12.575545
277,55.63737,12.478107
278,55.680164,12.578056
279,55.709984,9.546532
280,55.712199,9.540206
281,55.711885,9.539127
282,55.65246,11.276658
283,55.404101,11.353861
284,55.402995,11.353922
285,55.666527,12.612876
286,55.484818,9.471428
287,55.403601,11.353391
288,55.404844,11.355958
289,55.652355,12.49187
290,55.692313,9.547108
291,55.489582,9.477647
292,55.678626,12.572316
293,55.754084,12.568996
294,55.795928,12.468793
295,55.718764,12.555527
296,55.494787,8.400578
297,55.65128,12.303014
298,55.838223,9.847802
299,55.697038,12.486192
300,55.722775,12.529017
304,55.63204,12.090257
305,55.68;[019,12.548434
306,55.68019,12.548434
307,55.404773,11.346749
308,55.394202,10.407009
309,55.711396,9.531925
310,55.709087,12.481248
311,55.838789,12.057961
312,55.7046,12.501719
313,55.738025,12.508568
314,55.739949,12.474514
315,55.723823,12.414717
1013,55.712657,12.576586
1014,55.746993,12.378408
1015,55.721524,12.472265
1016,NULL,NULL
1017,56.64031,9.793696
1018,55.724988,12.438724
1019,55.666149,12.612235
1020,57.445026,10.509194
1021,57.044097,9.949215
1022,56.636781,9.795507
1023,56.638538,9.794662
1024,55.654895,12.306592
1025,55.78791,12.594731
1026,55.640048,12.079541
1027,55.635486,12.088854
1028,55.326894,11.963296
1029,55.666207,12.51748
1030,55.768332,9.695129
1031,55.803768,9.695208
1032,55.842288,9.810885
1033,55.769474,9.698047
1047,0,0
1048,55.479657,8.468848
1049,55.707615,11.900265
1050,55.96942,12.019792
1051,55.475297,9.454251
1052,55.416518,12.242468
1053,55.880901,12.49779
1054,55.726082,12.526574
1055,55.328516,11.138966
1056,55.695342,12.549633
1057,55.56042,12.262602
1058,55.416656,12.246338
1059,57.042351,9.937305
1060,57.032063,9.9858
1061,57.022437,9.941861
1062,55.720896,9.5595
1063,55.306268,11.548382
1064,55.691044,12.530823
1065,55.665195,12.599424
1066,55.650886,12.302612
1067,55.651178,12.303979
1068,55.704691,12.500523
1069,55.674587,12.549427
1070,55.667204,12.598031
1071,55.736126,12.510588
1073,0,0
1074,55.651354,12.61178
1075,55.427207,9.283592
1076,55.65472,12.622649
1077,55.690547,12.575645
1078,55.685969,12.536201
1079,55.833019,12.071012
1080,55.436699,12.159874
1081,55.659477,11.400967
1082,55.681222,11.113832
1083,57.08826,9.269352
1084,56.032405,9.932454
1085,56.03501,9.930721
1102,55.693023,12.505579
1103,55.691198,12.575702
1104,55.690685,12.487733
1105,55.666003,12.51693
1106,55.836807,12.066159
1107,55.713685,9.526675
1108,56.131011,10.166762
1109,55.68176,12.535057
1110,55.410185,10.39443
1111,55.385395,10.420095
1112,55.360342,10.390586
1113,55.366852,10.391871
1114,55.390784,10.396471
1115,55.39828,10.387537
1116,55.410788,10.409871
1117,55.82396,12.304834
1118,56.155362,10.16992
1119,56.155254,10.168049
1120,56.128085,10.161079
1141,55.403593,11.355732
1142,55.695342,12.549633
1143,55.722784,12.534637
1144,55.704814,12.498002
1145,55.6792,12.485246
1146,55.674804,12.548892
1147,55.592529,12.169691
1148,57.026084,9.89803
1149,56.707339,9.629166
1150,57.041861,9.936933
1151,56.568383,9.033079
1152,55.97175,12.020118
1153,56.13409,8.977275
1154,57.512279,10.022507
1155,56.79515,8.8625
1156,56.795534,8.857988
1157,56.769976,9.340065
1158,56.955426,8.69158
1159,56.568694,9.015649
1160,56.449978,9.410184
1161,57.022399,9.935122
1162,56.491408,8.597313
1163,57.457651,9.986333
1164,55.667818,12.544601
1165,55.778231,12.510964
1166,56.021542,12.19937
1167,55.598599,12.329208
1168,55.638782,12.634291
1169,55.66056,12.604584
1170,55.56841,12.281651
1171,55.619422,12.585784
1172,55.701823,12.550061
1173,55.705956,12.489599
1174,55.7264,12.575472
1175,55.715637,12.550124
1176,55.676823,12.574364
1177,55.638782,12.634291
1178,55.664925,12.399786
1179,55.633495,12.609068
1180,55.403026,12.136901
1181,55.664747,12.400132
1182,55.66784,12.578522
1183,55.681532,12.522837
1184,55.686392,12.584025
1185,55.673112,12.590497
1186,55.700602,12.577154
1187,55.676257,12.57482
1189,56.031293,9.893971
1190,57.014764,10.051246
1191,57.334489,10.516446
1192,56.173887,10.20273
1193,56.147451,10.157801
1194,55.399769,11.339776
1195,55.880339,12.46716
1196,55.309876,10.792561
1197,55.685119,12.567421
1198,55.972385,12.541584
1199,55.697022,12.539989
1200,55.722379,12.441967
1201,55.70033,12.55203
1202,55.707719,12.577034
1203,55.683888,12.586577
1204,57.482007,10.476288
1205,57.720993,10.585905
1206,57.441914,10.537134
1210,56.716281,10.114356
1211,55.68007,12.591515
1212,55.329113,11.13873
1219,0,0
1220,55.724988,12.438724
1221,0,0
1222,0,0
1225,0,0
1226,55.806432,11.980956
1227,55.659286,12.606215
1228,55.659513,12.605928
1229,55.698977,12.456424
1230,55.67845,12.501309
1231,55.664925,12.399786
1232,55.471511,8.437926
1233,57.057928,9.925865
1234,55.494712,8.488088
1235,55.476276,8.484466
1236,55.86287,9.845224
1237,55.87007,9.832963
1238,55.86338,9.848146
1239,55.863231,9.847613
1240,55.86146,9.854622
1241,56.716668,10.114459
1242,55.567011,9.759409
1243,55.585179,12.318909
1244,55.734522,12.514033
1245,55.651579,12.592871
1246,55.781325,12.17361
1247,55.68661,12.589451
1255,0,0
1260,55.65197,12.48909
1261,55.694047,12.479968
1262,55.790799,12.464783
1263,55.67849,12.554575
1264,55.767884,12.190483
1265,55.793828,12.157456
1266,55.862581,9.853287
1267,55.696718,12.581114
1268,0,0
1269,55.705514,12.576615
1270,55.669752,12.554763
1271,55.601474,12.58274
1272,55.524061,12.215377
1273,55.665634,12.395939
1274,57.353559,9.942685
1275,57.386678,10.112351
1276,57.104478,10.028779
1277,55.750141,12.10883
1278,56.1542,10.148135
1287,55.661316,12.622499
1288,55.756548,12.491553
1289,55.416518,12.242468
1290,55.329645,11.137661
1291,55.742843,12.580289
1297,55.66694,12.597688
1305,55.326142,11.148782
1306,55.591367,12.295139
1307,55.270039,9.895037
1308,55.708489,12.531797
1309,55.677069,12.513321
1312,55.339132,11.135264
1313,55.755613,12.564809
1314,55.673127,12.560402
1315,55.668027,12.550191
1316,57.43507,10.531734
1317,57.427592,10.512973
1318,57.438151,10.533854
1329,55.662545,12.561678
1330,55.694596,12.570505
1331,55.74079,12.50239
1332,55.86832,9.885389
1338,55.769496,12.505137
1339,56.090032,12.456877
1340,55.929851,12.346776
1341,55.72146,12.401291
1342,57.035568,9.953183
1343,55.810596,12.470594
1344,55.72146,12.401291
1345,55.48401,12.187747
1346,55.671944,12.546534
1347,55.737987,12.508645
1348,55.468327,8.468546
1349,55.666886,12.603124
1350,57.593238,10.410274
1351,55.705039,12.445875
1352,56.803576,9.518443
1353,55.775066,12.514558
1355,55.644644,12.275819
1357,55.663078,12.548684
1360,55.67849,12.554575
1361,57.074087,10.260788
1362,57.3419,10.237776
1363,55.86284,9.848258
1364,55.567006,9.760201
1365,55.672771,12.555303
1366,55.695409,12.44827
1390,55.726181,12.577032
1391,55.676504,12.575104
1392,55.6842,12.569264
1393,55.62143,12.575973
1394,55.679792,12.589906
1395,55.761894,12.574511
2391,55.659873,12.493733
2392,55.669442,12.53972
2393,55.649518,12.197844
2394,55.659163,12.473485
2395,56.135052,8.983047
2396,56.139563,8.989594
2397,55.043192,9.42118
2398,55.542781,12.11631
2399,55.730162,12.507855
2400,55.711288,12.530127
2413,55.711288,12.530127
2414,55.685633,12.537744
2415,55.711288,12.530127
2416,55.677896,12.534887
2419,0,0
2428,55.706669,12.578375
2429,55.706075,12.578159
2430,55.697439,12.552602
2431,55.250098,9.487838
2432,55.250898,9.488311
2433,56.173419,10.210374
2434,56.803244,9.52109
2435,56.693876,9.492484
2436,56.693858,9.492174
2447,0,0
2450,NULL,NULL
2470,55.704606,12.580756
2471,55.772641,12.506533
2475,55.70694,11.699088
2476,55.710654,11.66164
2477,55.763183,12.58021
2478,55.716753,11.718317
2479,55.751594,12.518309
2480,55.751594,12.518309
2481,55.490313,9.479755
2482,56.143651,8.985398
2504,55.672356,12.569251
2507,55.673027,12.549762
2509,57.458032,9.986486
2510,55.654895,12.306592
2511,56.089737,12.453928
2512,55.666539,12.405246
2513,55.749468,12.495048
2514,55.557914,12.254431
2515,55.697363,12.55554
2529,57.049299,9.916528
2530,57.050124,9.916664
2543,53.334424,-6.292419
2546,57.05262,9.909587
2547,55.870222,9.839678
2549,55.66567,12.438175
2550,55.649291,12.613147
2551,55.928317,12.305861
2552,55.637781,12.636502
2553,55.664148,12.542627
2554,55.666921,12.406818
2555,55.928227,12.305953
2556,56.136184,8.967189
2557,55.871921,9.844877
2558,57.459376,9.989183
2609,55.72714,12.577927
2610,55.697463,12.599613
2611,55.677982,12.567084
2612,55.677845,12.562213
2613,55.70996,12.591071
2614,55.676256,12.586311
2615,55.690258,12.563921
2616,55.755074,12.566667
2617,55.839487,12.544547
2618,55.575119,12.286984
2619,55.665788,12.435594
2620,55.658235,12.619599
2621,55.664895,12.580055
2622,55.795142,12.158328
2623,55.663899,12.396903
2624,56.814698,10.057649
2631,55.566635,12.284692
2632,57.04235,9.950918
2634,56.176394,10.210745
2635,55.329206,11.963279
2636,55.909522,12.491741
2637,55.909341,12.492095
2638,56.85106,9.703013
2639,55.666149,12.612235
2640,57.049547,9.916946
2669,55.680778,12.515122
2670,55.863138,9.846747
2671,55.818963,12.462092
2672,55.704157,12.549448
2677,55.570914,12.286084
2678,55.455426,12.188223
2680,55.742979,12.580254
2681,55.763378,12.57828
2682,55.653724,12.474753
2683,55.930948,12.305864
2748,55.697584,12.552592
2749,55.708975,12.730978
2750,55.698524,12.593847
2751,55.492253,9.470614
2752,55.675114,12.568064
2753,55.782864,12.373273
2754,55.652985,12.301438
2772,55.681,12.533155
2773,55.705384,12.530044
2775,56.26392,9.501785
2776,55.641013,12.099781
2777,55.76273,12.59695
2778,55.661973,12.561268
2779,55.788718,12.469485
2818,55.706269,12.578148
2819,55.85503,12.397992
2820,55.36458,10.663782
2821,57.589764,9.953917
2822,56.146393,10.201888
2823,57.588507,9.959618
2824,55.844434,12.174237
2839,55.703285,12.587404
2840,55.703582,12.588367
2841,55.704054,12.587948
2856,55.854386,12.337371
2857,55.840841,12.277363
2858,55.708993,12.526407
2859,55.763235,12.599472
2860,55.6742,12.53797
2861,56.380247,10.504476
2862,56.144963,8.283832
2892,0,0
2893,55.932995,12.31882
2894,55.048082,9.418515
2895,55.714096,12.57726
2896,55.678261,12.534023
2897,55.668974,12.558118
2898,55.862387,9.85277
2899,55.907077,8.520467
2900,55.034398,9.410226
2943,55.689522,12.573728
2945,57.043197,9.949713
2962,55.705888,12.578158
2963,57.046125,9.938769
3013,55.704897,12.526649
3015,0,0
3016,55.475783,9.13792
3017,56.169802,9.564253
3018,55.3238,11.96405
3019,55.928387,12.305445
3020,55.909341,12.492095
3021,55.736654,12.569196
3064,51.386267,-0.07143
3067,55.726541,12.405139
3091,55.704897,12.526649
3092,55.713459,11.716253
3093,55.711886,9.539534
3094,57.459376,9.989183
3095,56.153324,10.101167
3130,55.663926,12.538063
3131,55.652484,12.517978
3132,55.659142,12.473561
3162,55.678867,12.533501
3164,55.704897,12.526649
3165,55.057108,10.591673
3166,56.139563,8.989594
3167,55.745797,12.484519
3168,55.675114,12.568064
3238,55.704415,12.526835
3239,55.718421,11.701447
3240,55.793732,12.504436
3241,55.71643,9.533639
3242,55.711408,9.535157
3243,55.705841,12.561452
3244,55.788445,12.522514
3245,56.991131,9.930816
3260,0,0
3261,55.839488,12.058671
3262,55.328418,11.963259
3263,55.671361,12.545209
3264,55.687312,12.530419
3265,55.675234,12.546985
3266,55.691957,12.557052
3267,55.680425,12.548289
3268,55.664862,12.614471
3269,55.682858,12.574452
3270,55.689092,12.559898
3271,56.166824,9.5457
3272,55.638837,12.599275
3273,55.676954,12.573858
3274,55.230584,11.76232
3275,55.230928,11.763456
3280,55.712276,12.577197
3281,55.843469,9.843892
3282,55.7413,12.56287
3283,55.698342,12.593826
3320,55.66165,12.483496
3321,55.457047,12.180855
3322,55.711988,12.555929
3323,55.697032,12.594199
3324,0,0
3325,57.270143,9.945564
3326,55.66674,12.505194
3327,55.666691,12.503898
3328,55.682256,12.570776
3352,55.483038,12.184778
3354,55.684603,12.569765
3367,55.706933,12.597096
3373,0,0
3391,55.712056,9.539953
3392,55.664895,12.580055
3393,56.794491,8.857731
3394,56.637155,9.79515
3395,57.267188,9.948299
3447,55.624088,12.599956
3448,55.713397,12.534667
3449,55.68148,12.518546
3450,57.046397,9.917184
3451,56.154083,10.205888
3494,56.325767,10.041447
3495,55.862387,9.85277
3496,55.862387,9.85277
3497,56.327208,10.04398
3498,56.176185,10.201224
3499,56.176185,10.201224
3540,55.66%$892,12.558414
3541,55.533437,12.216168
3542,55.695051,12.547342
3615,55.446901,12.17344
3616,55.226385,11.762465
3642,55.402874,11.355542
3643,55.723119,12.532999
3644,55.665169,12.599319
3667,55.67641,12.564378
3669,55.735446,12.555452
3671,56.162025,8.924007
3672,55.652089,12.502436
3673,55.671361,12.545209
3674,55.470163,12.181236
3694,56.151584,10.205866
3695,56.159852,10.2127
3697,55.657009,12.608682
3698,55.655738,12.537333
3699,55.700776,12.541393
3701,55.660976,12.604045
3702,55.848049,12.570868
3705,55.657679,12.608085
3708,55.682018,12.549849
3714,55.666691,12.503898
3720,55.836737,12.06576
3745,55.666886,12.603124
3746,56.059464,12.073532
3747,55.6947,12.548788
3748,55.632195,12.489042
3749,55.611911,12.362379
3757,56.160982,10.209493
3758,55.836445,12.05725
3759,55.610106,12.348278
3760,55.696512,12.545008
3764,55.677465,12.581504
3765,55.684473,12.569951
3766,55.672716,12.55694
3767,55.878753,12.50161
3785,55.669227,12.545019
3786,55.733287,12.564145
3794,55.706568,12.532299
3807,55.672545,12.469916
3808,55.639819,12.07236
3811,55.634683,12.492044
3823,55.654436,12.346371
3824,55.680756,12.533741
3836,55.698805,12.578648
3837,55.667335,12.553657
3838,55.702219,12.582976
3839,55.70575,12.577854
3840,55.69584,12.550221
3841,55.681674,12.549612
3844,55.695761,12.54691
3845,55.654093,12.615259
3851,55.685119,12.567421
3852,55.666886,12.603124
3855,55.689835,12.573803
3856,55.699475,12.578717
3857,55.676041,12.543733
3865,55.309499,12.049238
3867,55.681324,12.58327
3870,55.681958,12.583036
3871,55.681549,12.571848
3880,56.135422,8.980826
3881,55.670347,12.536144
3885,55.666441,12.520328
3886,55.626892,12.483993
3887,55.70101,12.551923
3888,56.15535,10.198466
3889,55.671191,12.546256
3899,55.67798,12.591557
3900,55.685189,12.501364
3901,55.688384,12.558996
3902,55.827558,12.432348
3903,55.747916,12.541117
3904,55.992069,12.560444
3910,55.68602,12.587373
3911,55.699436,12.553969
3912,55.665659,12.579022
3913,56.159708,10.204
3928,55.664148,12.542627
3946,57.046631,9.924809
3949,55.652486,12.59298
3950,55.671503,12.544731
3966,55.708189,12.577092
3967,55.707534,12.57703
3968,55.734378,12.513858
3969,55.711066,12.577198
3970,55.934984,9.84412
3971,55.662023,12.51966
3972,55.692874,12.565256
3973,55.660159,12.612769
3974,55.662111,12.519915
3975,55.665529,12.556457
3976,55.682387,12.550138
3977,55.669008,12.540158
3978,57.457224,9.986005
4001,55.693637,12.54288
4008,55.742075,12.469875
4009,55.681958,12.583036
4010,55.684227,12.524057
4011,55.677455,12.571837
4012,55.703523,12.584995
4013,55.69584,12.550221
4017,55.657105,12.566668
4018,55.475368,9.467265
4019,55.489206,9.475421
4020,55.491909,9.471096
4021,55.483259,9.486266
4022,55.680604,12.534307
4023,55.692943,12.543448
4033,55.663106,12.601466
4034,55.697645,12.585085
4035,55.691861,12.544952
4037,55.675158,12.54659
4038,55.683118,12.586899
4041,55.249307,9.487945
4042,55.249188,9.488235
4043,55.484845,8.473308
4044,55.667513,12.387161
4045,55.666691,12.503898
4050,55.76519,12.596722
4052,55.679002,12.533662
4060,55.683722,12.569929
4061,56.151584,10.205866
4062,55.702701,12.583731
4063,55.681822,12.534824
4064,55.581483,9.765258
4065,56.170589,10.215908
4069,55.479556,12.174715
4070,55.326871,11.961598
4073,56.453256,9.449605
4074,55.31118,10.789933
4075,56.376057,9.659333
4077,55.687604,12.561869
4078,55.678875,12.573183
4098,55.772442,12.474423
4099,55.470163,12.181236
4100,55.651178,12.303979
4101,55.569623,9.719818
4102,55.254408,9.490277
4103,55.571211,9.750086
4106,55.656512,12.473408
4113,55.678628,12.532851
4114,55.667689,12.54865
4115,55.666203,12.552404
4116,55.711557,12.472182
4119,55.310273,10.791361
4120,55.563596,9.75653
4121,56.165934,9.535954
4122,56.172499,10.216374
4123,56.188035,10.120108
4124,56.149882,10.198857
4131,55.249254,9.4879
4132,55.750267,12.397572
4134,56.264051,10.062063
4135,55.973637,9.611859
4137,57.05156,9.914457
4138,56.169189,9.550635
4144,55.6722,12.548514
4145,55.681542,12.517675
4150,54.798167,11.637443
4156,55.678445,12.568778
4157,55.695838,12.572421
4158,55.706989,12.586333
4159,55.685205,12.588249
4160,55.681102,12.580698
4161,55.685209,12.553532
4162,55.692738,12.577368
4163,55.683646,12.546348
4164,55.761351,12.574454
4165,55.692813,12.564202
4166,55.675501,12.584012
4179,55.05915,10.613554
4180,55.670402,12.535448
4181,55.670671,12.531865
4182,55.670671,12.531865
4183,55.706608,12.58366
4184,55.702158,12.58281
4185,55.67108,12.54407
4186,55.935391,12.294509
4187,56.031219,12.596339
4203,56.155887,10.203956
4205,57.045786,9.918246
4206,57.041186,9.939019
4213,55.665954,12.512856
4214,55.652774,12.550793
4215,55.679167,12.584792
4216,55.652155,12.549234
4217,55.651559,12.620671
4218,55.685681,12.537551
4219,55.695342,12.549633
4220,55.701746,12.581082
4231,56.155008,9.905081
4234,55.795696,12.528417
4235,55.707756,12.532484
4237,56.417203,10.868199
4251,55.668285,12.558007
4252,55.771057,12.504943
4253,56.148241,10.20032
4254,56.162748,10.133434
4256,55.533025,12.22328
4257,56.166974,10.117106
4259,55.479077,12.185631
4261,56.163274,10.215503
4263,56.170376,9.552005
4267,55.469574,8.458283
4273,55.070959,9.347624
4274,55.730543,12.575913
4288,57.049426,9.91396
4292,56.796405,8.858691
4298,55.048487,9.419555
4299,55.247209,9.497349
4300,54.909633,9.789894
4301,56.193772,10.195375
4302,55.680865,11.087375
4312,54.769587,11.866346
4313,55.455445,12.187204
4314,55.636197,12.63173
4324,55.712909,12.568453
4325,55.681832,12.549737
4339,55.662311,12.632497
4346,55.693232,12.552215
4347,55.627279,12.453525
4352,55.326072,11.964038
4366,55.672141,12.465122
4370,55.663704,12.40134
4385,55.632307,12.579999
4386,55.233972,11.768105
4394,55.72388,9.520521
4405,56.376029,8.581849
4411,56.164499,10.21857
4412,55.678297,12.591938
4413,56.148178,10.196343
4415,55.672045,12.593353
4416,55.681503,12.584674
4418,56.262328,10.302163
4419,56.037158,10.080969
4420,56.276918,10.31665
4428,55.68327,12.534533
4429,55.688532,12.525387
4430,55.642293,12.086147
4432,55.710421,12.47769
4435,55.751521,12.519234
4436,55.685119,12.567421
4437,55.703397,12.547876
4440,57.060963,9.918299
4454,55.678416,12.572058
4458,55.678914,12.505598
4459,55.684533,12.504592
4474,55.671394,12.545354
4483,55.694365,12.510279
4485,55.685301,12.557
4486,55.666365,12.59828
4490,55.694366,12.509755
4493,55.230835,11.761435
4494,55.532623,11.497782
4496,55.667639,12.548484
4498,56.151418,10.210823
4511,56.150365,10.200486
4512,55.532978,12.218938
4513,56.135491,8.980554
4514,55.672539,12.556057
4515,55.685837,12.53682
4516,55.63098,12.575792
4517,57.050635,9.918514
4518,55.443467,11.792887
4519,55.533494,12.217345
4520,55.327998,11.963345
4523,55.838502,12.063735
4540,55.639516,12.070658
4541,55.230874,11.761106
4545,55.401403,11.349011
4546,55.404459,11.356732
4548,55.670418,12.540526
4554,55.722115,12.443377
4560,55.411424,10.3258
4561,55.709644,9.533897
4573,55.503654,9.473361
4579,55.603648,12.589599
4580,55.707853,12.485546
4583,55.4405,11.788102
4584,55.635486,12.088854
4588,55.392397,10.379395
4591,55.357007,10.381308
4592,55.393006,10.396318
4593,55.393506,10.379288
4594,55.393514,10.378781
4595,55.395615,10.380259
4615,55.670243,12.455265
4616,55.640424,12.090189
4620,55.682018,12.549849
4633,55.750152,12.377662
4634,56.096103,10.136867
4635,56.156833,10.199225
4636,56.058778,10.205344
4637,56.093357,10.13452
4638,56.038059,10.192063
4639,57.045187,9.921738
4640,57.052394,9.918797
4641,56.130984,10.173766
4648,55.664058,12.361678
4657,0,0
4659,55.732856,12.30552
4660,56.155633,10.20591
4667,55.066798,10.598912
4668,55.255592,10.67109
4669,55.693909,12.532568
4677,55.704856,12.528903
4679,56.154186,10.205919
4683,55.618334,12.356685
4698,55.665314,12.398309
4699,55.650886,12.302612
4701,55.668381,12.474701
4703,55.692417,12.485519
4704,55.692359,12.485505
4706,0,0
4731,55.368835,10.464034
4733,55.396306,10.343695
4736,0,0
4737,55.05915,10.613554
4746,56.457954,10.037931
4747,55.649694,12.612808
4748,55.693315,12.547292
4761,55.66675,12.517949
4762,55.761093,12.585584
4771,55.691161,12.54487
4777,56.147664,10.203296
4786,55.492429,9.470552
4787,56.179587,10.166952
4788,55.946649,9.961825
4796,55.65114,12.134798
4797,55.618006,12.413833
4799,55.81155,12.36846
4801,55.860538,9.847218
4802,56.105591,10.100354
4803,55.626892,12.483993
4804,55.568372,9.741298
4811,55.61484,8.485284
4813,55.614279,8.490012
4814,55.464537,8.454312
4815,56.161399,10.210101
4816,0,0
4843,55.730427,9.116619
4858,55.638406,12.086682
4859,57.048153,9.917047
4860,57.048063,9.917108
4862,56.15244,10.207405
4876,55.653195,12.473992
4877,55.694281,12.509603
4885,55.091225,10.691571
4890,56.171005,10.215983
4894,52.901962,-1.462657
4897,55.702701,12.583731
4898,55.683722,12.587421
4904,56.265962,8.79339
4905,55.709764,12.568158
4906,55.386353,10.374792
4907,55.393897,10.356056
4908,56.151418,10.210823
4921,55.6254,12.454097
4926,55.401026,11.34857
4933,55.405202,10.389973
4934,55.670959,12.55848
4935,55.681705,12.483936
4936,56.203149,10.231453
4947,55.713188,12.477121
4948,55.635744,12.642769
4953,56.179706,10.166625
4954,55.666437,12.558066
4955,57.437701,10.536359
4956,56.153477,10.202976
4957,56.157623,10.202013
4958,57.051188,9.919145
4959,55.677871,12.589217
4960,56.158128,10.211868
4961,57.049619,9.912828
4962,57.04773,9.920579
4963,56.374458,9.656911
5001,55.564392,10.093198
5003,55.389692,10.396682
5007,55.696968,12.545807
5008,55.670097,12.539208
5009,55.256455,10.671373
5010,54.839593,11.137311
5011,54.774488,11.499768
5012,54.890401,12.042787
5013,55.238384,10.479429
5014,55.681721,12.510275
5015,54.830841,11.134127
5017,0,0
5026,55.009594,11.907641
5027,55.678135,12.576432
5029,55.679237,12.589206
5034,56.478113,10.02744
5035,55.693076,12.499231
5040,55.489851,9.475264
5046,56.154755,10.210464
5047,55.68514,12.594402
5051,55.695342,12.549633
5054,55.658409,12.608001
5055,55.70534,12.491964
5056,55.661983,12.519427
5064,55.632154,12.488943
5072,55.696543,12.550971
5090,56.448891,9.401586
5093,56.448998,9.436479
5096,56.448891,9.401586
5106,55.698541,12.578669
5110,55.862356,9.84812
5121,56.126123,10.158015
5142,56.155341,9.903651
5154,55.662023,12.51966
5166,55.725722,12.439171
5175,56.459874,10.03962
5176,55.742843,12.580289
5181,0,0
5182,57.039266,9.952522
5219,55.672646,12.553611
5256,0,0
5257,55.728815,12.524021
5260,55.684064,12.524934
5284,55.666532,12.517457
5299,55.704448,12.586958
5312,55.666229,12.517471
5313,55.692756,12.499375
5314,55.666656,12.505617
5316,55.704846,12.528853
5353,55.681998,12.4888
5395,55.730302,12.521171
5396,55.769291,12.50539
5397,55.760633,12.455702
5406,55.474878,9.469916
5407,56.158537,10.207887
5408,55.238384,10.479429
5409,55.775342,12.495773
5410,55.737691,12.509249
5411,55.737691,12.509249
5412,55.673379,12.590574
5413,56.157781,10.203113
5429,55.696603,12.551068
5430,55.699939,12.54663
5446,55.308419,10.584649
5447,56.166919,9.546455
5448,56.148934,9.810333
5452,55.060259,10.610823
5455,55.664324,12.580526
5456,55.691592,12.530814
5457,55.683767,12.524621
5458,55.678972,12.569659
5468,55.690491,12.560146
5469,55.667566,12.546497
5470,55.394413,10.38361
5473,55.673251,12.545172
5479,55.679224,12.58347
5484,55.685236,12.568354
5486,55.674234,12.573075
5491,55.673866,12.568507
5505,55.636472,12.618817
5511,57.054029,9.910905
5535,55.701238,12.462459
5537,55.737413,12.509754
5559,55.660037,12.614126
5561,0,0
5567,55.691689,12.530865
5573,55.709323,9.536305
5574,55.706766,12.584913
5575,55.661087,12.603912
5586,56.166273,10.225039
5596,55.682256,12.570776
5611,55.680699,12.580569
5612,55.725748,12.578769
5613,55.681477,12.534168
5614,54.919728,9.680967
5615,55.769571,12.479736
5617,55.797138,12.523661
5627,55.712207,12.559629
5658,55.678964,12.53008
5659,55.715153,12.577247
5669,55.8589,9.842616
5671,55.672685,12.562022
5679,55.978218,12.399986
5682,55.684697,12.568493
5688,55.739998,12.577328
5696,55.735116,12.556267
5721,55.682427,12.588064
5722,55.461107,12.184675
5723,55.669423,12.545165
5735,55.681718,12.534704
5742,55.222742,10.128838
5749,55.708911,12.526113
5764,55.671487,12.559615
5768,55.58227,12.311381
5798,55.685327,12.588335
5831,55.685969,12.536201
5841,55.761719,12.574542
5842,56.098848,12.386933
5848,56.010828,12.588038
5850,55.693141,12.566804
5857,55.84408,12.43479
5883,0,0
5884,NULL,NULL
5887,55.672048,12.48836
5892,56.092304,12.4541
5894,56.02165,12.200243
5922,55.651801,12.611566
5923,55.702065,12.54963
5931,55.664773,12.512582
5952,54.799426,11.63519
5964,55.69839,12.541953
5965,55.635952,12.602586
5968,55.703409,12.548199
5987,55.685119,12.567421
6002,55.689921,12.554964
6003,55.722794,12.534292
6004,55.658636,12.305064
6013,55.685301,12.557
6015,55.672248,12.474026
6023,55.702569,12.533133
6040,55.671169,12.544428
6043,55.65445,12.610373
6052,55.819847,12.537068
6085,55.695285,12.549575
6086,55.678761,12.501874
6087,55.685809,12.55186
6088,55.693884,12.49341
6145,55.821091,12.013185
6151,55.68505,12.538571
6167,55.678761,12.501874
6168,55.684727,12.540601
6197,55.688605,12.559139
6211,55.709087,12.481248
6213,55.733111,12.516868
6214,55.704683,12.500489
6215,55.746617,12.54132
6216,55.67331,12.589253
6225,0,0
6230,55.703338,12.532483
6261,55.68452,12.571397
6287,55.92885,12.303947
6311,55.725305,12.416996
6318,55.686741,12.490011
6331,55.674053,12.551629
6333,55.669548,12.555013
6347,56.027881,12.599586
6371,55.870549,12.355719
6372,55.870172,12.356649
6373,55.927042,12.310007
6374,55.841369,12.431574
6397,55.861624,9.853857
6398,55.9341,12.311707
6399,55.705015,12.578418
6400,56.148147,10.197341
6407,56.178233,9.539232
6442,55.683285,12.527938
6451,55.70507,12.502988
6480,55.562931,9.756437
6481,56.151595,10.205641
6485,55.681648,12.549244
6489,55.704853,12.503367
6491,55.73052,12.575754
6492,55.697053,12.540217
6504,55.681565,12.583267
6505,55.705374,12.530031
6525,55.703643,12.532689
6535,55.737078,12.509655
6537,55.729651,12.509673
6550,55.04096,10.61315
6565,55.933093,12.297934
6570,0,0
6571,55.674917,12.572511
6581,55.644591,12.614241
6584,55.764067,12.580405
6585,55.73078,12.576438
6592,56.176394,10.210745
6593,55.853406,12.56453
6597,56.230074,10.237388
6612,55.474886,9.137975
6614,55.68046,12.562862
6646,55.394635,10.386616
6657,56.136869,8.969831
6666,55.663103,12.615549
6667,56.566292,9.027706
6687,55.741445,12.49976
6688,55.682553,12.573532
6689,55.676791,12.5698
6697,55.700566,12.577103
6698,55.387193,10.416956
6701,55.717599,11.713026
6703,56.460207,10.032116
6704,56.461287,10.036222
6733,56.167469,9.550414
6749,56.116146,10.207404
6750,56.148297,10.202011
6751,56.160494,10.208381
6752,55.670919,12.543418
6767,55.689794,12.573182
6771,55.252202,9.481514
6777,55.676576,12.570294
6780,55.624987,12.604665
6793,57.04363,9.917956
6801,55.673377,12.565602
6802,55.684916,12.538515
6803,55.73512,12.574568
6807,55.699514,12.576757
6809,55.685829,12.584793
6810,55.737106,12.539682
6839,55.667153,12.549012
6849,55.689485,12.560015
6854,55.752437,12.520234
6874,55.671264,12.619948
6877,55.722066,12.471283
6879,55.672729,12.565978
6883,55.623653,12.387207
6891,55.767474,12.5010*(71
6931,55.690315,12.554561
6933,56.030645,12.586141
6934,56.035723,12.610539
6967,56.170797,10.215931
6995,56.153877,10.207204
6996,55.505748,9.456716
6999,55.70607,12.512987
7012,55.554893,8.128765
7030,55.668431,12.549854
7035,55.6641,12.536134
7052,55.403051,11.355432
7065,55.688873,12.524001
7072,55.812314,12.371112
7073,55.747271,12.493353
7074,56.180011,9.550146
7096,55.502572,9.481003
7097,55.251739,9.488253
7110,55.394413,10.38361
7122,55.688286,12.560099
7127,56.012702,11.965977
7129,55.67618,12.545897
7130,56.034204,9.930486
7142,55.661221,12.505131
7145,55.486907,9.47278
7164,55.769364,12.504727
7165,55.490652,9.473476
7169,55.691206,12.481969
7201,56.15157,10.205398
7210,55.97818,12.400495
7230,55.731488,12.565704
7246,55.663783,12.600786
7248,55.623039,12.484947
7261,56.148071,9.904784
7263,56.140074,8.960171
7265,56.155896,10.204152
7283,55.231351,11.755924
7284,55.565068,9.759364
7297,56.158839,10.210006
7315,55.674212,12.591161
7328,55.617898,12.569943
7339,55.396209,10.387145
7340,55.680416,12.583032
7377,55.768167,12.502867
7378,55.73052,12.575754
7379,55.680551,12.533695
7380,56.150271,10.204473
7381,55.705411,12.576446
7382,55.682911,12.550068
7383,55.68172,12.58383
7396,56.143043,10.192481
7397,55.694321,12.5311
7398,55.666756,12.51792
7399,55.682387,12.550138
7400,56.16217,10.211797
7402,55.465733,8.45562
7421,55.566717,9.754873
7423,55.570945,12.286519
7428,55.570687,12.22598
7431,55.658668,12.473551
7435,56.460989,9.40565
7448,55.705935,12.511748
7450,55.714511,11.716047
7496,55.816457,12.485825
7511,55.681749,12.569981
7512,0,0
7513,0,0
7514,55.682776,12.580948
7515,0,0
7516,0,0
7521,55.690794,12.559721
7522,55.566558,9.752744
7550,55.701915,12.549851
7566,57.46065,9.987544
7567,55.704118,12.577128
7568,55.687884,12.562934
7569,55.713887,10.011197
7570,55.755994,9.848142
7588,55.675508,12.554176
7589,55.689744,12.574204
7590,56.146297,10.204299
7602,55.659261,12.610137
7613,55.639203,12.069142
7639,55.769244,12.504878
7644,55.70242,12.583548
7645,55.693727,12.550144
7660,55.689509,12.556805
7673,55.701389,12.577104
7679,55.682705,12.563938
7680,55.674032,12.537446
7684,55.687698,12.449782
7685,55.692707,12.567592
7698,55.78224,12.365997
7699,55.661322,12.482982
7704,55.650036,12.20159
7712,55.685014,12.538458
7713,55.680768,12.57688
7718,55.689612,12.558366
7719,55.671837,12.547746
7735,55.669566,12.558241
7768,55.456205,12.181439
7769,55.457311,12.180884
7770,55.404757,11.346933
7780,55.741437,12.523803
7785,55.651227,12.303741
7839,55.691052,12.576096
7843,55.595617,12.176499
7844,55.641282,12.084264
7846,55.649929,12.547897
7854,55.68272,12.49491
7859,55.691178,12.576193
7869,55.68133,12.572744
7906,0,0
7907,55.638155,12.64091
7948,55.69334,12.566315
7958,0,0
7959,55.647028,12.550042
7966,55.755_+074,12.566667
7968,55.67381,12.562883
7985,55.700039,12.545372
7986,55.679399,12.533818
7988,55.839735,12.430546
8011,55.694596,12.570505
8012,55.667904,12.54792
8022,55.67594,12.571326
8023,55.655588,12.616861
8037,55.662077,12.517848
8045,0,0
8051,55.666556,12.55311
8052,55.66165,12.483496
8054,55.697411,12.552038
8060,55.713122,12.573728
8070,55.443731,11.789814
8071,55.670477,12.540857
8077,55.681518,12.584619
8112,55.711164,12.569569
8113,56.359941,8.616745
8117,56.356367,8.617514
8121,55.750125,12.108748
8129,55.709087,12.481248
8132,55.716103,9.534171
8137,55.446019,11.78724
8143,0,0
8152,55.740205,12.50313
8160,0,0
8168,55.73078,12.360203
8169,55.839402,12.057942
8172,55.752399,12.571324
8181,55.705823,12.510942
8182,55.679409,12.528551
8183,55.762273,12.495037
8193,55.70676,12.596639
8225,55.681467,12.584804
8226,55.231154,11.764607
8227,55.676851,12.57047
8228,55.685045,12.588114
8240,55.66394,12.580012
8245,55.749121,12.320175
8246,54.999457,11.89559
8247,55.405053,11.353135
8256,55.694297,12.509718
8257,55.725218,12.438537
8258,55.71147,12.474651
8269,55.618023,12.650762
8286,55.681907,12.584592
8287,55.73053,12.57576
8290,56.154711,10.194463
8304,55.676448,12.569685
8305,55.659482,12.606443
8306,55.584413,12.25795
8307,55.613683,12.356372
8308,55.74788,9.588789
8309,56.18161,10.123424
8310,55.393511,10.421341
8311,56.133421,9.008593
8312,55.630344,12.57739
8313,55.671519,12.455936
8318,55.649174,12.554972
8332,55.677062,12.575138
8337,55.663155,12.516585
8338,55.66687,12.546615
8339,55.744253,12.507477
8377,55.710457,12.478268
8388,56.058668,12.078005
8399,55.690985,12.544669
8407,55.714086,11.717102
8408,55.687099,12.549289
8413,55.667144,12.519286
8476,55.699764,12.577144
8478,55.769237,12.504405
8479,55.394425,10.381303
8491,55.672545,12.469916
8496,55.71877,9.607927
8500,55.613641,12.355861
8501,55.65926,12.606072
8502,55.44429,11.790386
8509,55.595617,12.176499
8521,55.723631,12.43389
8529,0,0
8530,0,0
8533,55.678789,12.53177
8537,55.861397,9.854219
8539,55.69469,12.569345
8540,55.725861,12.579116
8543,55.532981,12.223348
8550,55.875242,12.346088
8551,55.681705,12.483936
8560,55.649703,12.198976
8561,NULL,NULL
8578,55.7191,12.470303
8580,56.059272,12.072054
8581,55.685537,12.569387
8582,55.660555,12.61353
8586,55.753877,12.571242
8589,55.680587,12.548463
8590,0,0
8599,56.022634,12.198803
8604,55.656721,12.608862
8605,55.665798,12.543889
8618,0,0
8619,55.671??983,12.5##*46712
8620,55.6862abc69,12.58ccc9152
8624,0,0
8630,0,0
8634,0,0
